time_ms,temp_c,humidity_percent,light_raw,light_status,accel_x,accel_y,accel_z,gyro_x,gyro_y,gyro_z,system_status,time_s,accel_mag,gyro_mag,low_light_anomaly,temp_anomaly,motion_anomaly,gyro_anomaly,any_anomaly
1353,24.2,61.0,2629,Bright,0.59,-0.24,8.73,-0.08,0.02,-0.01,NOMINAL,0.0,8.75320512726624,0.08306623862918075,False,False,True,False,True
2356,24.2,61.0,2827,Bright,0.68,-0.28,9.83,-0.08,0.02,-0.01,NOMINAL,1.003,9.857469249254597,0.08306623862918075,False,False,False,False,False
3365,24.2,61.0,2891,Bright,0.67,-0.28,9.81,-0.08,0.02,-0.01,NOMINAL,2.0120000000000005,9.836838923150058,0.08306623862918075,False,False,False,False,False
4368,24.2,61.0,2769,Bright,0.68,-0.3,9.82,-0.08,0.02,-0.01,NOMINAL,3.0150000000000006,9.848086108478135,0.08306623862918075,False,False,False,False,False
5377,24.2,61.0,2723,Bright,0.67,-0.3,9.8,-0.08,0.03,-0.01,NOMINAL,4.024,9.827456435924812,0.08602325267042626,False,False,False,False,False
6380,24.2,61.0,2512,Bright,0.68,-0.3,9.82,-0.08,0.03,-0.01,NOMINAL,5.027,9.848086108478135,0.08602325267042626,False,False,False,False,False
7389,24.2,61.0,2608,Bright,0.68,-0.33,9.84,-0.08,0.03,-0.01,NOMINAL,6.0360000000000005,9.868986776766903,0.08602325267042626,False,False,False,False,False
8392,24.2,61.0,2970,Bright,0.67,-0.3,9.79,-0.08,0.02,-0.01,NOMINAL,7.039,9.817484402839659,0.08306623862918075,False,False,False,False,False
9401,24.3,60.8,2962,Bright,0.67,-0.28,9.81,-0.08,0.03,-0.01,NOMINAL,8.048,9.836838923150058,0.08602325267042626,False,False,False,False,False
10404,24.3,60.8,2615,Bright,0.66,-0.32,9.88,-0.08,0.03,-0.01,NOMINAL,9.051,9.907189308779762,0.08602325267042626,False,False,False,False,False
11413,24.2,60.8,2599,Bright,0.66,-0.31,9.84,-0.08,0.02,-0.01,NOMINAL,10.06,9.866980287808424,0.08306623862918075,False,False,False,False,False
12416,24.2,60.8,2816,Bright,0.68,-0.3,9.82,-0.08,0.02,-0.01,NOMINAL,11.063,9.848086108478135,0.08306623862918075,False,False,False,False,False
13425,24.2,60.8,2822,Bright,0.59,-0.27,9.92,-0.08,0.03,-0.01,NOMINAL,12.072000000000001,9.941197111012336,0.08602325267042626,False,False,False,False,False
14428,24.2,60.8,2813,Bright,0.68,-0.24,9.79,-0.08,0.02,-0.01,NOMINAL,13.075000000000001,9.81652178727272,0.08306623862918075,False,False,False,False,False
15437,24.2,60.8,2795,Bright,0.7,-0.29,9.83,-0.08,0.02,-0.01,NOMINAL,14.084,9.859158179073912,0.08306623862918075,False,False,False,False,False
16440,24.2,60.8,2525,Bright,0.65,-0.25,9.88,-0.08,0.02,-0.01,NOMINAL,15.087000000000002,9.904514122358552,0.08306623862918075,False,False,False,False,False
17449,24.2,60.6,2497,Bright,0.7,-0.28,9.84,-0.08,0.02,-0.01,NOMINAL,16.096,9.868839850762601,0.08306623862918075,False,False,False,False,False
18452,24.2,60.6,2923,Bright,0.66,-0.28,9.83,-0.08,0.02,-0.01,NOMINAL,17.099,9.856109780232767,0.08306623862918075,False,False,False,False,False
19461,24.2,60.8,2940,Bright,0.67,-0.34,9.81,-0.08,0.02,-0.01,NOMINAL,18.107999999999997,9.838729592787882,0.08306623862918075,False,False,False,False,False
20464,24.2,60.8,2685,Bright,0.67,-0.28,9.8,-0.08,0.02,-0.01,NOMINAL,19.110999999999997,9.826866234970334,0.08306623862918075,False,False,False,False,False
21473,24.2,60.6,2656,Bright,0.66,-0.29,9.8,-0.08,0.02,-0.01,NOMINAL,20.119999999999997,9.826479532365598,0.08306623862918075,False,False,False,False,False
22476,24.2,60.6,2647,Bright,0.66,-0.29,9.84,-0.08,0.02,-0.01,NOMINAL,21.122999999999998,9.866372180289977,0.08306623862918075,False,False,False,False,False
23486,24.3,60.6,2768,Bright,0.67,-0.3,9.83,-0.08,0.02,-0.01,NOMINAL,22.133,9.857372875163037,0.08306623862918075,False,False,False,False,False
24488,24.3,60.6,2950,Bright,0.66,-0.3,9.86,-0.08,0.02,-0.01,NOMINAL,23.134999999999998,9.88661721722855,0.08306623862918075,False,False,False,False,False
25498,24.2,60.7,2855,Bright,0.67,-0.3,9.81,-0.08,0.02,-0.01,NOMINAL,24.145,9.837428525788637,0.08306623862918075,False,False,False,False,False
26501,24.2,60.7,2498,Bright,0.65,-0.3,9.8,-0.08,0.02,-0.01,NOMINAL,25.148,9.826113168491396,0.08306623862918075,False,False,False,False,False
27511,24.2,60.7,2608,Bright,0.66,-0.31,9.81,-0.08,0.02,-0.01,NOMINAL,26.157999999999998,9.837062569690202,0.08306623862918075,False,False,False,False,False
28514,24.2,60.7,2881,Bright,0.64,-0.29,9.83,-0.08,0.03,-0.01,NOMINAL,27.160999999999998,9.855079908351835,0.08602325267042626,False,False,False,False,False
29524,24.2,60.7,2799,Bright,0.66,-0.28,9.82,-0.08,0.02,-0.01,NOMINAL,28.171,9.846136298061285,0.08306623862918075,False,False,False,False,False
30526,24.2,60.7,2539,Bright,0.68,-0.3,9.78,-0.08,0.02,-0.01,NOMINAL,29.173,9.80820065047611,0.08306623862918075,False,False,False,False,False
31535,24.2,60.8,2512,Bright,0.66,-0.29,9.81,-0.08,0.03,-0.01,NOMINAL,30.182,9.836452612603795,0.08602325267042626,False,False,False,False,False
32538,24.2,60.8,2917,Bright,0.65,-0.29,9.83,-0.08,0.03,-0.01,NOMINAL,31.184999999999995,9.855734371420528,0.08602325267042626,False,False,False,False,False
33547,24.2,60.6,2960,Bright,0.66,-0.32,9.79,-0.08,0.03,-0.01,NOMINAL,32.193999999999996,9.81743856614341,0.08602325267042626,False,False,False,False,False
34550,24.2,60.6,2668,Bright,0.67,-0.31,9.8,-0.08,0.02,-0.01,NOMINAL,33.196999999999996,9.827766785999758,0.08306623862918075,False,False,False,False,False
35559,24.2,60.8,2643,Bright,0.67,-0.29,9.82,-0.08,0.02,-0.01,NOMINAL,34.205999999999996,9.847101096261783,0.08306623862918075,False,False,False,False,False
36562,24.2,60.8,2741,Bright,0.65,-0.29,9.78,-0.08,0.02,-0.01,NOMINAL,35.208999999999996,9.80586559157324,0.08306623862918075,False,False,False,False,False
37572,24.2,60.7,2833,Bright,0.68,-0.31,9.78,-0.08,0.02,-0.01,NOMINAL,36.219,9.808511609821338,0.08306623862918075,False,False,False,False,False
38575,24.2,60.7,2734,Bright,0.66,-0.32,9.85,-0.08,0.02,-0.01,NOMINAL,37.222,9.877271890557635,0.08306623862918075,False,False,False,False,False
39584,24.2,60.8,2701,Bright,0.66,-0.3,9.84,-0.08,0.02,-0.01,NOMINAL,38.231,9.866671171170143,0.08306623862918075,False,False,False,False,False
40587,24.2,60.8,2591,Bright,0.65,-0.3,9.82,-0.08,0.02,-0.01,NOMINAL,39.234,9.846060125755885,0.08306623862918075,False,False,False,False,False
41596,24.2,60.8,2697,Bright,0.67,-0.33,9.81,-0.08,0.03,-0.01,NOMINAL,40.242999999999995,9.83838909578189,0.08602325267042626,False,False,False,False,False
42599,24.2,60.8,2950,Bright,0.67,-0.3,9.81,-0.08,0.02,-0.01,NOMINAL,41.245999999999995,9.837428525788637,0.08306623862918075,False,False,False,False,False
43608,24.2,60.8,2896,Bright,0.67,-0.3,9.84,-0.08,0.02,-0.01,NOMINAL,42.254999999999995,9.867345134330712,0.08306623862918075,False,False,False,False,False
44611,24.2,60.8,2559,Bright,0.65,-0.3,9.83,-0.08,0.03,-0.01,NOMINAL,43.257999999999996,9.856033685007372,0.08602325267042626,False,False,False,False,False
45621,24.2,60.7,2521,Bright,0.67,-0.31,9.81,-0.08,0.02,-0.01,NOMINAL,44.268,9.837738561275147,0.08306623862918075,False,False,False,False,False
46624,24.2,60.7,2957,Bright,0.66,-0.3,9.81,-0.08,0.02,-0.01,NOMINAL,45.271,9.83675251289774,0.08306623862918075,False,False,False,False,False
47633,24.2,60.6,2955,Bright,0.68,-0.3,9.82,-0.08,0.03,-0.01,NOMINAL,46.28,9.848086108478135,0.08602325267042626,False,False,False,False,False
48636,24.2,60.6,2592,Bright,0.68,-0.3,9.81,-0.08,0.03,-0.01,NOMINAL,47.283,9.838114656782569,0.08602325267042626,False,False,False,False,False
49645,24.2,60.5,2546,Bright,0.65,-0.3,9.84,-0.08,0.02,-0.01,NOMINAL,48.292,9.866007297787693,0.08306623862918075,False,False,False,False,False
50648,24.2,60.5,2866,Bright,0.66,-0.3,9.84,-0.08,0.03,-0.01,NOMINAL,49.295,9.866671171170143,0.08602325267042626,False,False,False,False,False
51657,24.2,60.6,2925,Bright,0.71,-0.26,9.82,-0.08,0.03,-0.01,NOMINAL,50.303999999999995,9.849065945560524,0.08602325267042626,False,False,False,False,False
52660,24.2,60.6,2687,Bright,0.66,-0.33,9.82,-0.08,0.02,-0.01,NOMINAL,51.306999999999995,9.84768500714762,0.08306623862918075,False,False,False,False,False
53669,24.2,60.5,2626,Bright,0.66,-0.29,9.8,-0.08,0.02,-0.01,NOMINAL,52.315999999999995,9.826479532365598,0.08306623862918075,False,False,False,False,False
54672,24.2,60.5,2695,Bright,0.67,-0.29,9.83,-0.08,0.03,-0.01,NOMINAL,53.318999999999996,9.857073602241185,0.08602325267042626,False,False,False,False,False
55682,24.2,60.3,2815,Bright,0.67,-0.29,9.83,-0.08,0.02,-0.01,NOMINAL,54.329,9.857073602241185,0.08306623862918075,False,False,False,False,False
56685,24.2,60.3,2704,Bright,0.66,-0.31,9.81,-0.08,0.03,-0.01,NOMINAL,55.332,9.837062569690202,0.08602325267042626,False,False,False,False,False
57694,24.2,60.5,2658,Bright,0.66,-0.29,9.81,-0.08,0.02,-0.01,NOMINAL,56.341,9.836452612603795,0.08306623862918075,False,False,False,False,False
58697,24.2,60.5,2699,Bright,0.66,-0.3,9.83,-0.08,0.03,-0.01,NOMINAL,57.344,9.856698230137717,0.08602325267042626,False,False,False,False,False
59706,24.2,60.4,2799,Bright,0.66,-0.29,9.81,-0.08,0.02,-0.01,NOMINAL,58.353,9.836452612603795,0.08306623862918075,False,False,False,False,False
60709,24.2,60.4,2832,Bright,0.68,-0.29,9.82,-0.08,0.02,-0.01,NOMINAL,59.356,9.847786553332682,0.08306623862918075,False,False,False,False,False
61718,24.2,60.5,2717,Bright,0.64,-0.3,9.85,-0.08,0.02,-0.01,NOMINAL,60.365,9.8753278426592,0.08306623862918075,False,False,False,False,False
62721,24.2,60.5,2350,Bright,0.67,-0.29,9.79,-0.08,0.02,-0.01,NOMINAL,61.367999999999995,9.817183913933771,0.08306623862918075,False,False,False,False,False
63730,24.2,60.8,2539,Bright,0.68,-0.29,9.83,-0.08,0.03,-0.01,NOMINAL,62.376999999999995,9.857758365876087,0.08602325267042626,False,False,False,False,False
64733,24.2,60.8,2819,Bright,0.67,-0.31,9.8,-0.08,0.03,-0.01,NOMINAL,63.38,9.827766785999758,0.08602325267042626,False,False,False,False,False
65742,24.2,62.2,2835,Bright,0.66,-0.27,9.81,-0.08,0.02,-0.01,NOMINAL,64.38900000000001,9.835883285196099,0.08306623862918075,False,False,False,False,False
66745,24.2,62.2,769,Dim,0.66,-0.28,9.87,-0.08,0.02,-0.01,LOW_LIGHT,65.39200000000001,9.896004244138135,0.08306623862918075,True,False,False,False,True
67754,24.2,62.8,1040,Light,0.66,-0.28,9.81,-0.08,0.03,-0.01,NOMINAL,66.40100000000001,9.836162869737365,0.08602325267042626,False,False,False,False,False
68757,24.2,62.8,1008,Light,0.66,-0.3,9.82,-0.08,0.02,-0.01,NOMINAL,67.40400000000001,9.84672534399127,0.08306623862918075,False,False,False,False,False
69766,24.2,62.5,457,Dim,0.65,-0.31,9.86,-0.08,0.03,-0.01,LOW_LIGHT,68.41300000000001,9.886263196981961,0.08602325267042626,True,False,False,False,True
70769,24.2,62.5,368,Dim,0.66,-0.31,9.81,-0.08,0.03,-0.01,LOW_LIGHT,69.41600000000001,9.837062569690202,0.08602325267042626,True,False,False,False,True
71778,24.2,62.2,342,Dim,0.68,-0.29,9.82,-0.08,0.03,-0.01,LOW_LIGHT,70.42500000000001,9.847786553332682,0.08602325267042626,True,False,False,False,True
72781,24.2,62.2,369,Dim,0.66,-0.3,9.79,-0.08,0.03,-0.01,LOW_LIGHT,71.42800000000001,9.81680701654056,0.08602325267042626,True,False,False,False,True
73791,24.2,62.3,346,Dim,0.66,-0.3,9.83,-0.08,0.02,-0.01,LOW_LIGHT,72.438,9.856698230137717,0.08306623862918075,True,False,False,False,True
74794,24.2,62.3,352,Dim,0.66,-0.29,9.83,-0.08,0.03,-0.01,LOW_LIGHT,73.441,9.856398936731406,0.08602325267042626,True,False,False,False,True
75803,24.2,63.2,336,Dim,0.67,-0.3,9.86,-0.08,0.02,-0.01,LOW_LIGHT,74.45,9.887289820774953,0.08306623862918075,True,False,False,False,True
76806,24.2,63.2,339,Dim,0.66,-0.27,9.81,-0.08,0.02,-0.01,LOW_LIGHT,75.453,9.835883285196099,0.08306623862918075,True,False,False,False,True
77816,24.2,63.9,336,Dim,0.67,-0.31,9.82,-0.08,0.02,-0.01,LOW_LIGHT,76.46300000000001,9.84771039379205,0.08306623862918075,True,False,False,False,True
78819,24.2,63.9,336,Dim,0.67,-0.29,9.82,-0.08,0.02,-0.01,LOW_LIGHT,77.46600000000001,9.847101096261783,0.08306623862918075,True,False,False,False,True
79828,24.2,64.6,336,Dim,0.63,-0.32,9.82,-0.08,0.02,-0.01,LOW_LIGHT,78.47500000000001,9.845389784056293,0.08306623862918075,True,False,False,False,True
80831,24.2,64.6,340,Dim,0.66,-0.31,9.86,-0.08,0.02,-0.01,LOW_LIGHT,79.47800000000001,9.886925710249875,0.08306623862918075,True,False,False,False,True
81840,24.2,65.9,329,Dim,0.64,-0.3,9.82,-0.08,0.02,-0.01,LOW_LIGHT,80.48700000000001,9.845405019601785,0.08306623862918075,True,False,False,False,True
82843,24.2,65.9,351,Dim,0.65,-0.28,9.84,-0.08,0.03,-0.01,LOW_LIGHT,81.49000000000001,9.865419403147541,0.08602325267042626,True,False,False,False,True
83852,24.3,67.5,363,Dim,0.66,-0.29,9.85,-0.08,0.02,-0.01,LOW_LIGHT,82.49900000000001,9.876345477958939,0.08306623862918075,True,False,False,False,True
84855,24.3,67.5,363,Dim,0.67,-0.28,9.8,-0.08,0.02,-0.01,LOW_LIGHT,83.50200000000001,9.826866234970334,0.08306623862918075,True,False,False,False,True
85865,24.3,70.0,367,Dim,0.67,-0.31,9.85,-0.08,0.02,-0.01,LOW_LIGHT,84.512,9.877626233058225,0.08306623862918075,True,False,False,False,True
86868,24.3,70.0,354,Dim,0.67,-0.29,9.84,-0.08,0.02,-0.01,LOW_LIGHT,85.515,9.867046163872955,0.08306623862918075,True,False,False,False,True
87878,24.3,72.2,364,Dim,0.66,-0.3,9.79,-0.08,0.02,-0.01,LOW_LIGHT,86.525,9.81680701654056,0.08306623862918075,True,False,False,False,True
88881,24.3,72.2,368,Dim,0.68,-0.3,9.83,-0.08,0.03,-0.01,LOW_LIGHT,87.528,9.858057618009747,0.08602325267042626,True,False,False,False,True
89890,24.2,72.5,941,Light,0.66,-0.28,9.82,-0.08,0.02,-0.01,NOMINAL,88.537,9.846136298061285,0.08306623862918075,False,False,False,False,False
90893,24.2,72.5,1099,Light,0.68,-0.31,9.83,-0.08,0.02,-0.01,NOMINAL,89.54,9.858367004732578,0.08306623862918075,False,False,False,False,False
91903,24.3,70.2,1105,Light,0.65,-0.3,9.84,-0.08,0.02,-0.01,NOMINAL,90.55000000000001,9.866007297787693,0.08306623862918075,False,False,False,False,False
92906,24.3,70.2,1108,Light,0.68,-0.29,9.84,-0.08,0.02,-0.01,NOMINAL,91.55300000000001,9.867730235469553,0.08306623862918075,False,False,False,False,False
93915,24.3,68.0,1111,Light,0.64,-0.28,9.81,-0.08,0.03,-0.01,NOMINAL,92.56200000000001,9.834841127339068,0.08602325267042626,False,False,False,False,False
94918,24.3,68.0,1103,Light,0.65,-0.3,9.82,-0.08,0.02,-0.01,NOMINAL,93.56500000000001,9.846060125755885,0.08306623862918075,False,False,False,False,False
95927,24.3,66.2,1104,Light,0.72,-0.33,9.85,-0.08,0.02,-0.01,NOMINAL,94.57400000000001,9.881791335582836,0.08306623862918075,False,False,False,False,False
96930,24.3,66.2,1104,Light,0.62,-0.29,9.77,-0.08,0.02,-0.01,NOMINAL,95.57700000000001,9.793947110332994,0.08306623862918075,False,False,False,False,False
97940,24.3,64.9,1054,Light,0.67,-0.27,9.82,-0.08,0.03,-0.01,NOMINAL,96.587,9.846532384550411,0.08602325267042626,False,False,False,False,False
98942,24.3,64.9,1050,Light,0.65,-0.28,9.79,-0.08,0.02,-0.01,NOMINAL,97.589,9.815548889389731,0.08306623862918075,False,False,False,False,False
99952,24.3,63.9,1052,Light,0.67,-0.27,9.83,-0.08,0.02,-0.01,NOMINAL,98.599,9.856505465934669,0.08306623862918075,False,False,False,False,False
100955,24.3,63.9,1046,Light,0.69,-0.31,9.82,-0.08,0.02,-0.01,NOMINAL,99.602,9.849091328645502,0.08306623862918075,False,False,False,False,False
101965,24.3,63.2,841,Light,0.64,-0.28,9.84,-0.08,0.02,-0.01,NOMINAL,100.61200000000001,9.864765582617764,0.08306623862918075,False,False,False,False,False
102968,24.3,63.2,630,Dim,0.69,-0.33,9.82,-0.08,0.02,-0.01,LOW_LIGHT,101.61500000000001,9.849741113349122,0.08306623862918075,True,False,False,False,True
103977,24.2,62.5,706,Dim,0.66,-0.33,9.82,-0.08,0.02,-0.01,LOW_LIGHT,102.62400000000001,9.84768500714762,0.08306623862918075,True,False,False,False,True
104980,24.2,62.5,957,Light,0.67,-0.3,9.82,-0.08,0.02,-0.01,NOMINAL,103.62700000000001,9.847400672258644,0.08306623862918075,False,False,False,False,False
105989,24.3,62.0,4059,Very bright,0.68,-0.27,9.82,-0.08,0.02,-0.01,NOMINAL,104.63600000000001,9.847217881208886,0.08306623862918075,False,False,False,False,False
106992,24.3,62.0,4095,Very bright,0.66,-0.28,9.84,-0.08,0.03,-0.01,NOMINAL,105.63900000000001,9.866083316088506,0.08602325267042626,False,False,False,False,False
108001,24.3,61.6,4095,Very bright,0.63,-0.28,9.8,-0.08,0.03,-0.01,NOMINAL,106.64800000000001,9.824220070824962,0.08602325267042626,False,False,False,False,False
109004,24.3,61.6,3979,Very bright,0.69,-0.31,9.8,-0.09,0.02,-0.22,NOMINAL,107.65100000000001,9.829150522807147,0.23853720883753127,False,False,False,False,False
110013,24.3,61.1,3917,Very bright,0.68,-0.31,9.81,-0.08,0.02,-0.01,NOMINAL,108.66000000000001,9.838424670647226,0.08306623862918075,False,False,False,False,False
111016,24.3,61.1,4095,Very bright,0.65,-0.29,9.85,-0.08,0.02,-0.01,NOMINAL,109.66300000000001,9.875682254912823,0.08306623862918075,False,False,False,False,False
112025,24.3,61.0,4095,Very bright,0.67,-0.3,9.81,-0.08,0.02,-0.01,NOMINAL,110.67200000000001,9.837428525788637,0.08306623862918075,False,False,False,False,False
113028,24.3,61.0,4095,Very bright,0.63,-0.31,9.82,-0.08,0.03,-0.03,NOMINAL,111.67500000000001,9.84506983215457,0.09055385138137417,False,False,False,False,False
114037,24.3,60.8,4095,Very bright,0.67,-0.29,9.79,-0.08,0.02,-0.01,NOMINAL,112.68400000000001,9.817183913933771,0.08306623862918075,False,False,False,False,False
115040,24.3,60.8,3799,Very bright,0.66,-0.32,9.84,-0.08,0.03,-0.01,NOMINAL,113.68700000000001,9.867299529253177,0.08602325267042626,False,False,False,False,False
116049,24.3,60.6,3777,Very bright,0.66,-0.28,9.81,-0.08,0.03,-0.01,NOMINAL,114.69600000000001,9.836162869737365,0.08602325267042626,False,False,False,False,False
117052,24.3,60.6,4095,Very bright,0.66,-0.33,9.81,-0.08,0.02,-0.01,NOMINAL,115.69900000000001,9.83771314889797,0.08306623862918075,False,False,False,False,False
118062,24.3,60.6,4095,Very bright,0.66,-0.31,9.83,-0.08,0.02,-0.01,NOMINAL,116.709,9.857007659528321,0.08306623862918075,False,False,False,False,False
119064,24.3,60.6,3985,Very bright,0.66,-0.3,9.81,-0.08,0.02,-0.01,NOMINAL,117.711,9.83675251289774,0.08306623862918075,False,False,False,False,False
120073,24.3,60.5,3947,Very bright,0.67,-0.29,9.82,-0.08,0.02,-0.01,NOMINAL,118.72,9.847101096261783,0.08306623862918075,False,False,False,False,False
121076,24.3,60.5,4095,Very bright,0.65,-0.33,9.83,-0.08,0.02,-0.01,NOMINAL,119.723,9.856992441916551,0.08306623862918075,False,False,False,False,False
122085,24.3,60.4,4095,Very bright,0.68,-0.29,9.84,-0.08,0.03,-0.01,NOMINAL,120.732,9.867730235469553,0.08602325267042626,False,False,False,False,False
123088,24.3,60.4,4095,Very bright,0.67,-0.3,9.81,-0.08,0.02,-0.01,NOMINAL,121.735,9.837428525788637,0.08306623862918075,False,False,False,False,False
124097,24.3,60.4,4095,Very bright,0.68,-0.31,9.81,-0.08,0.02,-0.01,NOMINAL,122.744,9.838424670647226,0.08306623862918075,False,False,False,False,False
125100,24.3,60.4,3802,Very bright,0.66,-0.28,9.82,-0.08,0.02,-0.01,NOMINAL,123.747,9.846136298061285,0.08306623862918075,False,False,False,False,False
126109,24.3,60.4,3786,Very bright,0.69,-0.32,9.81,-0.08,0.02,-0.02,NOMINAL,124.756,9.839441041034801,0.08485281374238571,False,False,False,False,False
127112,24.3,60.4,4095,Very bright,0.68,-0.33,9.81,-0.08,0.02,-0.01,NOMINAL,125.759,9.839075159790172,0.08306623862918075,False,False,False,False,False
128121,24.3,60.3,4095,Very bright,0.68,-0.33,9.82,-0.08,0.02,-0.01,NOMINAL,126.76800000000001,9.849045639045439,0.08306623862918075,False,False,False,False,False
129124,24.3,60.3,4007,Very bright,0.66,-0.3,9.81,-0.08,0.02,-0.01,NOMINAL,127.771,9.83675251289774,0.08306623862918075,False,False,False,False,False
130133,24.3,60.4,1481,Light,0.47,-0.12,9.88,-0.08,0.03,-0.1,NOMINAL,128.78,9.891900727362765,0.13152946437965907,False,False,False,False,False
131136,24.3,60.4,1174,Light,0.64,-0.31,9.83,-0.08,0.02,-0.01,NOMINAL,129.783,9.855688712616688,0.08306623862918075,False,False,False,False,False
132145,24.3,60.3,1147,Light,0.69,-0.35,9.86,-0.08,0.03,-0.01,NOMINAL,130.792,9.890308387507439,0.08602325267042626,False,False,False,False,False
133148,24.3,60.3,714,Dim,0.69,-0.31,9.77,-0.08,0.03,-0.01,LOW_LIGHT,131.795,9.799239766430862,0.08602325267042626,True,False,False,False,True
134157,24.3,60.4,787,Dim,0.71,-0.31,9.84,-0.08,0.03,-0.01,LOW_LIGHT,132.804,9.87045085089835,0.08602325267042626,True,False,False,False,True
135160,24.3,60.4,1182,Light,0.67,-0.31,9.87,-0.08,0.02,-0.01,NOMINAL,133.807,9.897570408943801,0.08306623862918075,False,False,False,False,False
136169,24.3,60.4,1202,Light,0.68,-0.29,9.81,-0.08,0.02,-0.01,NOMINAL,134.816,9.837814798012818,0.08306623862918075,False,False,False,False,False
137172,24.3,60.4,1184,Light,0.63,-0.3,9.85,-0.08,0.03,-0.01,NOMINAL,135.819,9.874684805096312,0.08602325267042626,False,False,False,False,False
138181,24.3,60.4,1183,Light,0.68,-0.26,9.83,-0.08,0.02,-0.01,NOMINAL,136.828,9.856921426084313,0.08306623862918075,False,False,False,False,False
139184,24.3,60.4,1142,Light,0.68,-0.3,9.84,-0.08,0.02,-0.01,NOMINAL,137.831,9.86802918520208,0.08306623862918075,False,False,False,False,False
140193,24.3,60.5,1107,Light,0.74,-0.28,9.84,-0.08,0.02,-0.01,NOMINAL,138.84,9.871757695567695,0.08306623862918075,False,False,False,False,False
141196,24.3,60.5,1106,Light,0.63,-0.3,9.86,-0.08,0.02,-0.01,NOMINAL,139.843,9.88465983228558,0.08306623862918075,False,False,False,False,False
142205,24.3,60.4,1098,Light,0.76,-0.28,9.81,-0.08,0.02,-0.01,NOMINAL,140.852,9.843378485052783,0.08306623862918075,False,False,False,False,False
143208,24.3,60.4,1107,Light,0.65,-0.31,9.79,-0.08,0.02,-0.01,NOMINAL,141.855,9.816450478660807,0.08306623862918075,False,False,False,False,False
144217,24.4,60.6,1115,Light,0.68,-0.29,9.81,-0.08,0.03,-0.01,NOMINAL,142.864,9.837814798012818,0.08602325267042626,False,False,False,False,False
145220,24.4,60.6,1106,Light,0.68,-0.3,9.82,-0.08,0.02,-0.01,NOMINAL,143.867,9.848086108478135,0.08306623862918075,False,False,False,False,False
146229,24.3,60.5,1127,Light,0.74,-0.28,9.79,-0.08,0.02,-0.01,NOMINAL,144.876,9.821919364360511,0.08306623862918075,False,False,False,False,False
147232,24.3,60.5,1233,Light,0.66,-0.33,9.8,-0.08,0.02,-0.01,NOMINAL,145.879,9.827741347837764,0.08306623862918075,False,False,False,False,False
148241,24.3,60.5,1215,Light,0.71,-0.28,9.83,-0.08,0.03,-0.01,NOMINAL,146.888,9.859584169730486,0.08602325267042626,False,False,False,False,False
149244,24.3,60.5,1248,Light,0.57,-0.48,9.82,-0.02,0.07,0.01,NOMINAL,147.891,9.848233344107967,0.07348469228349536,False,False,False,False,False
150254,24.3,60.6,1164,Light,-0.18,0.43,9.61,-0.04,0.12,0.02,NOMINAL,148.90099999999998,9.621299288557653,0.12806248474865697,False,False,False,False,False
151256,24.3,60.6,1168,Light,-0.02,-0.21,10.01,-0.16,-0.0,-0.03,NOMINAL,149.903,10.012222530487424,0.16278820596099708,False,False,False,False,False
152265,24.3,61.0,1157,Light,-0.11,-0.28,9.86,-0.07,0.06,0.01,NOMINAL,150.91199999999998,9.864588181976984,0.09273618495495704,False,False,False,False,False
153268,24.3,61.0,1157,Light,0.06,-0.24,9.94,-0.11,0.0,-0.02,NOMINAL,151.915,9.943077994263144,0.11180339887498948,False,False,False,False,False
154277,24.3,61.0,1139,Light,-0.22,0.51,10.5,0.29,0.22,-0.12,NOMINAL,152.92399999999998,10.514680213872412,0.383275357934736,False,False,False,False,False
155280,24.3,61.0,1008,Light,-0.62,-0.27,9.88,-0.32,0.02,-0.05,NOMINAL,153.927,9.903115671343036,0.32449961479175904,False,False,False,False,False
156289,24.3,61.0,939,Light,0.01,0.26,9.77,-0.1,0.02,-0.03,NOMINAL,154.93599999999998,9.77346407370488,0.1063014581273465,False,False,False,False,False
157292,24.3,61.0,969,Light,0.01,0.18,9.48,-0.08,0.17,-0.09,NOMINAL,155.939,9.481713980077652,0.2083266665599966,False,False,False,False,False
158301,24.4,60.6,999,Light,-0.36,-0.11,9.67,-0.05,-0.09,0.02,NOMINAL,156.94799999999998,9.677324010283009,0.10488088481701516,False,False,False,False,False
159304,24.4,60.6,1057,Light,0.29,-0.61,9.86,0.05,-0.07,0.23,NOMINAL,157.951,9.883106798977737,0.24556058315617352,False,False,False,False,False
160313,24.3,60.8,1249,Light,-0.74,1.14,10.68,0.0,-0.23,0.13,NOMINAL,158.95999999999998,10.766132081671671,0.2641968962724581,False,False,False,False,False
161316,24.3,60.8,1107,Light,1.41,0.66,9.93,-0.19,-0.16,-0.12,NOMINAL,159.963,10.051298423586875,0.2758622844826744,False,False,False,False,False
162325,24.3,61.0,1058,Light,1.34,0.35,9.74,-0.24,0.44,0.11,NOMINAL,160.97199999999998,9.837972352065236,0.5131276644266999,False,False,False,False,False
163328,24.3,61.0,1056,Light,1.87,0.15,9.58,-0.09,0.04,-0.04,NOMINAL,161.975,9.761956771057736,0.1063014581273465,False,False,False,False,False
164337,24.3,60.9,1693,Light,-6.65,-0.13,6.79,-0.34,2.13,0.04,NOMINAL,162.98399999999998,9.504919778725121,2.157336320558294,False,False,False,True,True
165340,24.3,60.9,1902,Light,-8.09,-0.5,4.76,-0.08,0.01,-0.01,NOMINAL,163.987,9.399771273812997,0.08124038404635961,False,False,False,False,False
166350,24.3,60.7,1898,Light,-8.43,-0.53,5.25,-0.19,-0.09,-0.01,NOMINAL,164.99699999999999,9.945265205111426,0.2104756517984919,False,False,False,False,False
167353,24.3,60.7,1904,Light,-7.97,-0.43,4.76,-0.08,-0.04,-0.03,NOMINAL,166.0,9.293191055821461,0.09433981132056604,False,False,False,False,False
168362,24.4,60.8,1156,Light,1.44,0.27,9.94,-0.13,0.08,0.06,NOMINAL,167.009,10.047392696615375,0.16401219466856726,False,False,False,False,False
169365,24.4,60.8,1173,Light,0.77,-0.02,9.58,-0.09,0.16,-0.07,NOMINAL,168.012,9.610915669175336,0.19646882704388502,False,False,False,False,False
170375,24.4,60.7,771,Dim,8.65,0.41,5.96,0.3,-0.41,0.01,LOW_LIGHT,169.022,10.512478299620884,0.5081338406365,True,False,False,False,True
171377,24.4,60.7,682,Dim,8.95,0.33,4.5,-0.07,-0.05,0.0,LOW_LIGHT,170.024,10.023043449970672,0.08602325267042628,True,False,False,False,True
172387,24.3,60.6,682,Dim,8.85,0.22,4.99,-0.13,0.31,-0.05,LOW_LIGHT,171.034,10.162234006359034,0.3398529093593286,True,False,False,False,True
173389,24.3,60.6,1136,Light,0.89,0.53,9.52,0.04,0.1,-0.02,NOMINAL,172.036,9.576189221188145,0.10954451150103323,False,False,False,False,False
174399,24.3,60.7,1232,Light,1.25,0.22,10.02,-0.17,-0.04,-0.03,NOMINAL,173.046,10.100064356230607,0.17720045146669353,False,False,False,False,False
175402,24.3,60.7,2001,Bright,-8.64,0.82,3.52,-0.21,0.23,-0.07,NOMINAL,174.04899999999998,9.36548984303544,0.31921779399024736,False,False,False,False,False
176412,24.3,60.7,2054,Bright,-8.51,0.74,4.07,-0.01,-0.06,-0.0,NOMINAL,175.059,9.462166770882872,0.0608276253029822,False,False,False,False,False
177415,24.3,60.7,1955,Light,-7.95,0.47,5.83,-0.06,-1.01,-0.09,NOMINAL,176.06199999999998,9.869766967867074,1.0157755657624374,False,False,False,True,True
178425,24.3,60.7,1255,Light,-0.52,-0.05,9.73,-0.11,0.13,-0.03,NOMINAL,177.072,9.744013546788613,0.17291616465790582,False,False,False,False,False
179428,24.3,60.7,1395,Light,1.73,-0.36,9.73,-0.3,-0.14,0.98,NOMINAL,178.075,9.889155676800726,1.03440804327886,False,False,False,True,True
180438,24.3,60.7,1371,Light,0.6,-0.93,9.93,-0.15,0.02,-0.02,NOMINAL,179.08499999999998,9.991486375910243,0.15264337522473748,False,False,False,False,False
181441,24.3,60.7,1169,Light,1.07,0.11,9.27,-0.12,-0.04,-1.09,NOMINAL,180.088,9.332196954629708,1.0973149046650192,False,False,False,True,True
182450,24.3,60.8,1155,Light,1.73,-0.0,9.75,0.17,0.2,0.74,NOMINAL,181.09699999999998,9.902292663822859,0.7851751396981441,False,False,False,True,True
183453,24.3,60.8,1364,Light,-0.76,0.03,10.58,-0.32,-0.06,0.3,NOMINAL,182.1,10.607304087278727,0.4427188724235731,False,False,False,False,False
184462,24.3,60.7,1189,Light,-0.19,-0.56,10.19,-0.0,0.38,-0.03,NOMINAL,183.10899999999998,10.207144556632867,0.38118237105091834,False,False,False,False,False
185466,24.3,60.7,1069,Light,0.8,2.78,9.51,0.06,-0.09,-0.2,NOMINAL,184.113,9.940246475817387,0.22737634001804147,False,False,False,False,False
186475,24.3,60.8,1139,Light,1.65,0.96,8.41,-0.18,0.29,0.28,NOMINAL,185.12199999999999,8.623931817912291,0.44147480109288234,False,False,True,False,True
187478,24.3,60.8,1219,Light,0.06,-0.87,9.97,-0.01,0.06,-0.04,NOMINAL,186.125,10.008066746380141,0.07280109889280519,False,False,False,False,False
188487,24.3,60.7,999,Light,0.94,3.64,10.18,0.52,0.28,-0.31,NOMINAL,187.134,10.851985993356239,0.6670082458260918,False,False,True,True,True
189490,24.3,60.7,951,Light,2.75,9.64,10.0,-0.92,0.43,0.21,NOMINAL,188.137,14.159523297060533,1.037014946854673,False,False,True,True,True
190500,24.3,60.7,1010,Light,3.01,7.8,11.76,-0.7,-0.24,0.31,NOMINAL,189.147,14.42905748827691,0.8023091673413685,False,False,True,True,True
191502,24.3,60.7,1294,Light,0.76,1.26,8.95,0.27,-0.02,0.2,NOMINAL,190.149,9.070154353703138,0.3366006535941367,False,False,False,False,False
192511,24.3,60.7,1339,Light,0.94,0.12,11.3,-0.5,-0.76,0.11,NOMINAL,191.158,11.339664898047033,0.9163514609580758,False,False,True,True,True
193514,24.3,60.7,1467,Light,0.11,-0.51,9.77,-0.11,-0.03,-0.22,NOMINAL,192.161,9.783920482097143,0.24779023386727733,False,False,False,False,False
194523,24.3,60.8,1452,Light,0.51,-0.27,9.86,-0.08,0.02,-0.01,NOMINAL,193.17,9.87687197446641,0.08306623862918075,False,False,False,False,False
195526,24.3,60.8,1470,Light,0.47,-0.26,9.84,-0.08,0.02,-0.01,NOMINAL,194.173,9.854648649241636,0.08306623862918075,False,False,False,False,False
196535,24.2,60.8,1462,Light,0.49,-0.28,9.8,-0.08,0.02,-0.01,NOMINAL,195.182,9.816236549717006,0.08306623862918075,False,False,False,False,False
197538,24.2,60.8,1476,Light,0.5,-0.23,9.81,-0.08,0.02,-0.01,NOMINAL,196.185,9.825426199407332,0.08306623862918075,False,False,False,False,False
198548,24.3,60.7,1479,Light,0.5,-0.27,9.83,-0.08,0.02,-0.01,NOMINAL,197.195,9.84641051348155,0.08306623862918075,False,False,False,False,False
199551,24.3,60.7,1486,Light,0.47,-0.29,9.84,-0.08,0.02,-0.01,NOMINAL,198.19799999999998,9.855485782040375,0.08306623862918075,False,False,False,False,False
200560,24.3,60.7,1482,Light,0.49,-0.27,9.81,-0.08,0.02,-0.01,NOMINAL,199.207,9.825940158580247,0.08306623862918075,False,False,False,False,False
201563,24.3,60.7,1485,Light,0.48,-0.29,9.85,-0.08,0.02,-0.01,NOMINAL,200.20999999999998,9.865951550661496,0.08306623862918075,False,False,False,False,False
202573,24.3,60.7,1490,Light,0.5,-0.29,9.84,-0.08,0.02,-0.01,NOMINAL,201.22,9.856962006622528,0.08306623862918075,False,False,False,False,False
203575,24.3,60.7,1467,Light,0.46,-0.3,9.84,-0.08,0.03,-0.01,NOMINAL,202.22199999999998,9.855313287765133,0.08602325267042626,False,False,False,False,False
204584,24.3,61.0,1452,Light,0.51,-0.25,9.84,-0.08,0.03,-0.01,NOMINAL,203.231,9.856378645324051,0.08602325267042626,False,False,False,False,False
205587,24.3,61.0,1450,Light,0.5,-0.26,9.83,-0.08,0.02,-0.01,NOMINAL,204.23399999999998,9.846141376194026,0.08306623862918075,False,False,False,False,False
206597,24.4,73.3,1456,Light,0.47,-0.28,9.82,-0.08,0.03,-0.01,NOMINAL,205.244,9.835227501181658,0.08602325267042626,False,False,False,False,False
207600,24.4,73.3,1456,Light,0.49,-0.27,9.81,-0.08,0.02,-0.01,NOMINAL,206.24699999999999,9.825940158580247,0.08306623862918075,False,False,False,False,False
208609,24.4,80.9,1472,Light,0.5,-0.26,9.84,-0.08,0.02,-0.01,NOMINAL,207.256,9.856124999207346,0.08306623862918075,False,False,False,False,False
209612,24.4,80.9,1466,Light,0.49,-0.28,9.81,-0.08,0.03,-0.01,NOMINAL,208.259,9.826220026032392,0.08602325267042626,False,False,False,False,False
210621,24.4,86.0,1477,Light,0.5,-0.27,9.84,-0.08,0.02,-0.01,NOMINAL,209.268,9.856393863883484,0.08306623862918075,False,False,False,False,False
211624,24.4,86.0,1479,Light,0.49,-0.28,9.84,-0.08,0.03,-0.01,NOMINAL,210.271,9.856170655990084,0.08602325267042626,False,False,False,False,False
212634,24.4,89.5,1501,Light,0.49,-0.26,9.79,-0.08,0.02,-0.01,NOMINAL,211.28099999999998,9.805702422570246,0.08306623862918075,False,False,False,False,False
213637,24.4,89.5,1493,Light,0.5,-0.27,9.84,-0.08,0.02,-0.01,NOMINAL,212.284,9.856393863883484,0.08306623862918075,False,False,False,False,False
214646,24.4,91.1,1499,Light,0.48,-0.25,9.83,-0.08,0.02,-0.01,NOMINAL,213.29299999999998,9.844886997827857,0.08306623862918075,False,False,False,False,False
215649,24.4,91.1,1499,Light,0.49,-0.28,9.86,-0.08,0.02,-0.01,NOMINAL,214.296,9.876137909122168,0.08306623862918075,False,False,False,False,False
216658,24.4,89.9,1513,Light,0.52,-0.25,9.83,-0.08,0.02,-0.01,NOMINAL,215.30499999999998,9.84691829965091,0.08306623862918075,False,False,False,False,False
217661,24.4,89.9,1555,Light,0.56,-0.23,9.7,-0.09,0.01,-0.01,NOMINAL,216.308,9.718873391499654,0.09110433579144298,False,False,False,False,False
218670,24.4,87.7,1565,Light,0.49,-0.26,9.77,-0.08,0.03,-0.01,NOMINAL,217.31699999999998,9.785734515099007,0.08602325267042626,False,False,False,False,False
219673,24.4,87.7,1531,Light,0.48,-0.28,9.81,-0.08,0.02,-0.01,NOMINAL,218.32,9.825726436248875,0.08306623862918075,False,False,False,False,False
220682,24.4,85.0,1535,Light,0.51,-0.29,9.84,-0.08,0.02,-0.01,NOMINAL,219.32899999999998,9.857474321549105,0.08306623862918075,False,False,False,False,False
221685,24.4,85.0,1166,Light,-0.79,-0.03,10.22,0.02,0.08,-0.24,NOMINAL,220.332,10.250531693526927,0.2537715508089904,False,False,False,False,False
222694,24.4,81.0,1475,Light,-1.75,0.13,8.87,-0.27,0.11,1.0,NOMINAL,221.34099999999998,9.041919044096778,1.041633332799983,False,False,False,True,True
223697,24.4,81.0,1376,Light,-1.53,0.63,9.94,-0.26,0.1,-0.89,NOMINAL,222.344,10.076775277835662,0.9325770745627409,False,False,False,True,True
224707,24.3,74.2,1423,Light,-0.92,1.1,10.01,-0.23,0.08,-0.05,NOMINAL,223.35399999999998,10.112195607285294,0.2485960578931211,False,False,False,False,False
225710,24.3,74.2,1377,Light,-1.57,0.06,9.73,-0.12,0.09,0.04,NOMINAL,224.357,9.856033685007374,0.15524174696260024,False,False,False,False,False
226719,24.2,69.6,1371,Light,-1.21,0.01,9.42,-0.1,0.02,-0.01,NOMINAL,225.36599999999999,9.49739964411312,0.10246950765959599,False,False,False,False,False
227722,24.2,69.6,1392,Light,-1.2,0.2,9.65,-0.09,0.03,0.01,NOMINAL,226.369,9.726381649925115,0.09539392014169455,False,False,False,False,False
228731,24.1,66.9,1397,Light,-1.42,0.1,9.62,-0.06,0.08,0.02,NOMINAL,227.378,9.724751924856488,0.1019803902718557,False,False,False,False,False
229734,24.1,66.9,1392,Light,-1.25,-0.12,9.7,-0.09,-0.03,-0.03,NOMINAL,228.381,9.780945762041624,0.09949874371066199,False,False,False,False,False
230743,24.0,65.1,1392,Light,-1.25,0.03,9.67,-0.03,0.04,-0.04,NOMINAL,229.39,9.75050255115089,0.06403124237432849,False,False,False,False,False
231746,24.0,65.1,1392,Light,-1.44,0.06,9.7,-0.07,0.02,-0.01,NOMINAL,230.393,9.806487648490666,0.07348469228349536,False,False,False,False,False
232756,23.9,63.8,1406,Light,-1.25,-0.08,9.72,-0.07,0.04,0.01,NOMINAL,231.403,9.8003724419024,0.08124038404635961,False,True,False,False,True
233759,23.9,63.8,1402,Light,-1.51,-0.09,9.61,-0.06,0.02,-0.03,NOMINAL,232.40599999999998,9.72832462451783,0.06999999999999999,False,True,False,False,True
234769,23.8,62.9,1427,Light,-0.88,0.39,9.65,-0.14,0.02,0.31,NOMINAL,233.416,9.697886367657645,0.3407345007480164,False,True,False,False,True
235771,23.8,62.9,1409,Light,-0.33,-0.23,10.6,-0.71,-0.35,0.29,NOMINAL,234.41799999999998,10.607629329873852,0.8430302485676299,False,True,False,True,True
236780,23.8,62.4,1441,Light,0.4,-0.15,9.87,-0.08,0.03,-0.01,NOMINAL,235.427,9.879240861523723,0.08602325267042626,False,True,False,False,True
237783,23.8,62.4,1427,Light,0.38,-0.13,9.83,-0.09,0.02,-0.01,NOMINAL,236.42999999999998,9.838201055070993,0.09273618495495703,False,True,False,False,True
238792,23.8,62.4,1445,Light,0.38,-0.17,9.81,-0.08,0.03,-0.01,NOMINAL,237.439,9.818828850733675,0.08602325267042626,False,True,False,False,True
239795,23.8,62.4,1403,Light,0.44,-0.17,9.83,-0.08,0.03,-0.01,NOMINAL,238.44199999999998,9.841310888291254,0.08602325267042626,False,True,False,False,True
240805,23.9,61.9,1408,Light,0.41,-0.16,9.86,-0.08,0.02,-0.01,NOMINAL,239.452,9.869817627494442,0.08306623862918075,False,True,False,False,True
241808,23.9,61.9,1449,Light,0.39,-0.16,9.82,-0.08,0.02,-0.01,NOMINAL,240.45499999999998,9.829043697125371,0.08306623862918075,False,True,False,False,True
242818,23.8,61.9,1466,Light,0.4,-0.15,9.82,-0.08,0.02,-0.01,NOMINAL,241.465,9.829287868406338,0.08306623862918075,False,True,False,False,True
243821,23.8,61.9,1473,Light,0.42,-0.16,9.8,-0.08,0.02,-0.01,NOMINAL,242.468,9.810300708948732,0.08306623862918075,False,True,False,False,True
244831,23.8,61.9,1478,Light,0.41,-0.18,9.83,-0.08,0.03,-0.01,NOMINAL,243.47799999999998,9.840193087536443,0.08602325267042626,False,True,False,False,True
245834,23.8,61.9,1470,Light,0.39,-0.19,9.81,-0.08,0.03,-0.01,NOMINAL,244.481,9.81958756771383,0.08602325267042626,False,True,False,False,True
246843,23.8,61.7,1475,Light,0.4,-0.17,9.84,-0.08,0.03,-0.01,NOMINAL,245.48999999999998,9.84959390025802,0.08602325267042626,False,True,False,False,True
247846,23.8,61.7,1482,Light,0.4,-0.18,9.83,-0.08,0.03,-0.01,NOMINAL,246.493,9.83978150163915,0.08602325267042626,False,True,False,False,True
248855,23.8,61.7,1471,Light,0.41,-0.14,9.82,-0.08,0.02,-0.01,NOMINAL,247.50199999999998,9.829552380449478,0.08306623862918075,False,True,False,False,True
249858,23.8,61.7,1486,Light,0.42,-0.2,9.82,-0.08,0.02,-0.01,NOMINAL,248.505,9.831012155419197,0.08306623862918075,False,True,False,False,True
250867,23.8,61.7,1452,Light,0.41,-0.14,9.88,-0.08,0.03,-0.01,NOMINAL,249.51399999999998,9.889494425904694,0.08602325267042626,False,True,False,False,True
251870,23.8,61.7,1473,Light,0.39,-0.15,9.84,-0.08,0.03,-0.01,NOMINAL,250.517,9.848867955252523,0.08602325267042626,False,True,False,False,True
252880,23.8,61.5,1487,Light,0.43,-0.16,9.8,-0.08,0.02,-0.01,NOMINAL,251.527,9.810733917500771,0.08306623862918075,False,True,False,False,True
253883,23.8,61.5,1483,Light,0.41,-0.14,9.81,-0.08,0.02,-0.01,NOMINAL,252.53,9.819562108363082,0.08306623862918075,False,True,False,False,True
