1353,24.20,61.00,2629,Bright,0.59,-0.24,8.73,-0.08,0.02,-0.01,NOMINAL
2356,24.20,61.00,2827,Bright,0.68,-0.28,9.83,-0.08,0.02,-0.01,NOMINAL
3365,24.20,61.00,2891,Bright,0.67,-0.28,9.81,-0.08,0.02,-0.01,NOMINAL
4368,24.20,61.00,2769,Bright,0.68,-0.30,9.82,-0.08,0.02,-0.01,NOMINAL
5377,24.20,61.00,2723,Bright,0.67,-0.30,9.80,-0.08,0.03,-0.01,NOMINAL
6380,24.20,61.00,2512,Bright,0.68,-0.30,9.82,-0.08,0.03,-0.01,NOMINAL
7389,24.20,61.00,2608,Bright,0.68,-0.33,9.84,-0.08,0.03,-0.01,NOMINAL
8392,24.20,61.00,2970,Bright,0.67,-0.30,9.79,-0.08,0.02,-0.01,NOMINAL
9401,24.30,60.80,2962,Bright,0.67,-0.28,9.81,-0.08,0.03,-0.01,NOMINAL
10404,24.30,60.80,2615,Bright,0.66,-0.32,9.88,-0.08,0.03,-0.01,NOMINAL
11413,24.20,60.80,2599,Bright,0.66,-0.31,9.84,-0.08,0.02,-0.01,NOMINAL
12416,24.20,60.80,2816,Bright,0.68,-0.30,9.82,-0.08,0.02,-0.01,NOMINAL
13425,24.20,60.80,2822,Bright,0.59,-0.27,9.92,-0.08,0.03,-0.01,NOMINAL
14428,24.20,60.80,2813,Bright,0.68,-0.24,9.79,-0.08,0.02,-0.01,NOMINAL
15437,24.20,60.80,2795,Bright,0.70,-0.29,9.83,-0.08,0.02,-0.01,NOMINAL
16440,24.20,60.80,2525,Bright,0.65,-0.25,9.88,-0.08,0.02,-0.01,NOMINAL
17449,24.20,60.60,2497,Bright,0.70,-0.28,9.84,-0.08,0.02,-0.01,NOMINAL
18452,24.20,60.60,2923,Bright,0.66,-0.28,9.83,-0.08,0.02,-0.01,NOMINAL
19461,24.20,60.80,2940,Bright,0.67,-0.34,9.81,-0.08,0.02,-0.01,NOMINAL
20464,24.20,60.80,2685,Bright,0.67,-0.28,9.80,-0.08,0.02,-0.01,NOMINAL
21473,24.20,60.60,2656,Bright,0.66,-0.29,9.80,-0.08,0.02,-0.01,NOMINAL
22476,24.20,60.60,2647,Bright,0.66,-0.29,9.84,-0.08,0.02,-0.01,NOMINAL
23486,24.30,60.60,2768,Bright,0.67,-0.30,9.83,-0.08,0.02,-0.01,NOMINAL
24488,24.30,60.60,2950,Bright,0.66,-0.30,9.86,-0.08,0.02,-0.01,NOMINAL
25498,24.20,60.70,2855,Bright,0.67,-0.30,9.81,-0.08,0.02,-0.01,NOMINAL
26501,24.20,60.70,2498,Bright,0.65,-0.30,9.80,-0.08,0.02,-0.01,NOMINAL
27511,24.20,60.70,2608,Bright,0.66,-0.31,9.81,-0.08,0.02,-0.01,NOMINAL
28514,24.20,60.70,2881,Bright,0.64,-0.29,9.83,-0.08,0.03,-0.01,NOMINAL
29524,24.20,60.70,2799,Bright,0.66,-0.28,9.82,-0.08,0.02,-0.01,NOMINAL
30526,24.20,60.70,2539,Bright,0.68,-0.30,9.78,-0.08,0.02,-0.01,NOMINAL
31535,24.20,60.80,2512,Bright,0.66,-0.29,9.81,-0.08,0.03,-0.01,NOMINAL
32538,24.20,60.80,2917,Bright,0.65,-0.29,9.83,-0.08,0.03,-0.01,NOMINAL
33547,24.20,60.60,2960,Bright,0.66,-0.32,9.79,-0.08,0.03,-0.01,NOMINAL
34550,24.20,60.60,2668,Bright,0.67,-0.31,9.80,-0.08,0.02,-0.01,NOMINAL
35559,24.20,60.80,2643,Bright,0.67,-0.29,9.82,-0.08,0.02,-0.01,NOMINAL
36562,24.20,60.80,2741,Bright,0.65,-0.29,9.78,-0.08,0.02,-0.01,NOMINAL
37572,24.20,60.70,2833,Bright,0.68,-0.31,9.78,-0.08,0.02,-0.01,NOMINAL
38575,24.20,60.70,2734,Bright,0.66,-0.32,9.85,-0.08,0.02,-0.01,NOMINAL
39584,24.20,60.80,2701,Bright,0.66,-0.30,9.84,-0.08,0.02,-0.01,NOMINAL
40587,24.20,60.80,2591,Bright,0.65,-0.30,9.82,-0.08,0.02,-0.01,NOMINAL
41596,24.20,60.80,2697,Bright,0.67,-0.33,9.81,-0.08,0.03,-0.01,NOMINAL
42599,24.20,60.80,2950,Bright,0.67,-0.30,9.81,-0.08,0.02,-0.01,NOMINAL
43608,24.20,60.80,2896,Bright,0.67,-0.30,9.84,-0.08,0.02,-0.01,NOMINAL
44611,24.20,60.80,2559,Bright,0.65,-0.30,9.83,-0.08,0.03,-0.01,NOMINAL
45621,24.20,60.70,2521,Bright,0.67,-0.31,9.81,-0.08,0.02,-0.01,NOMINAL
46624,24.20,60.70,2957,Bright,0.66,-0.30,9.81,-0.08,0.02,-0.01,NOMINAL
47633,24.20,60.60,2955,Bright,0.68,-0.30,9.82,-0.08,0.03,-0.01,NOMINAL
48636,24.20,60.60,2592,Bright,0.68,-0.30,9.81,-0.08,0.03,-0.01,NOMINAL
49645,24.20,60.50,2546,Bright,0.65,-0.30,9.84,-0.08,0.02,-0.01,NOMINAL
50648,24.20,60.50,2866,Bright,0.66,-0.30,9.84,-0.08,0.03,-0.01,NOMINAL
51657,24.20,60.60,2925,Bright,0.71,-0.26,9.82,-0.08,0.03,-0.01,NOMINAL
52660,24.20,60.60,2687,Bright,0.66,-0.33,9.82,-0.08,0.02,-0.01,NOMINAL
53669,24.20,60.50,2626,Bright,0.66,-0.29,9.80,-0.08,0.02,-0.01,NOMINAL
54672,24.20,60.50,2695,Bright,0.67,-0.29,9.83,-0.08,0.03,-0.01,NOMINAL
55682,24.20,60.30,2815,Bright,0.67,-0.29,9.83,-0.08,0.02,-0.01,NOMINAL
56685,24.20,60.30,2704,Bright,0.66,-0.31,9.81,-0.08,0.03,-0.01,NOMINAL
57694,24.20,60.50,2658,Bright,0.66,-0.29,9.81,-0.08,0.02,-0.01,NOMINAL
58697,24.20,60.50,2699,Bright,0.66,-0.30,9.83,-0.08,0.03,-0.01,NOMINAL
59706,24.20,60.40,2799,Bright,0.66,-0.29,9.81,-0.08,0.02,-0.01,NOMINAL
60709,24.20,60.40,2832,Bright,0.68,-0.29,9.82,-0.08,0.02,-0.01,NOMINAL
61718,24.20,60.50,2717,Bright,0.64,-0.30,9.85,-0.08,0.02,-0.01,NOMINAL
62721,24.20,60.50,2350,Bright,0.67,-0.29,9.79,-0.08,0.02,-0.01,NOMINAL
63730,24.20,60.80,2539,Bright,0.68,-0.29,9.83,-0.08,0.03,-0.01,NOMINAL
64733,24.20,60.80,2819,Bright,0.67,-0.31,9.80,-0.08,0.03,-0.01,NOMINAL
65742,24.20,62.20,2835,Bright,0.66,-0.27,9.81,-0.08,0.02,-0.01,NOMINAL
66745,24.20,62.20,769,Dim,0.66,-0.28,9.87,-0.08,0.02,-0.01,LOW_LIGHT
67754,24.20,62.80,1040,Light,0.66,-0.28,9.81,-0.08,0.03,-0.01,NOMINAL
68757,24.20,62.80,1008,Light,0.66,-0.30,9.82,-0.08,0.02,-0.01,NOMINAL
69766,24.20,62.50,457,Dim,0.65,-0.31,9.86,-0.08,0.03,-0.01,LOW_LIGHT
70769,24.20,62.50,368,Dim,0.66,-0.31,9.81,-0.08,0.03,-0.01,LOW_LIGHT
71778,24.20,62.20,342,Dim,0.68,-0.29,9.82,-0.08,0.03,-0.01,LOW_LIGHT
72781,24.20,62.20,369,Dim,0.66,-0.30,9.79,-0.08,0.03,-0.01,LOW_LIGHT
73791,24.20,62.30,346,Dim,0.66,-0.30,9.83,-0.08,0.02,-0.01,LOW_LIGHT
74794,24.20,62.30,352,Dim,0.66,-0.29,9.83,-0.08,0.03,-0.01,LOW_LIGHT
75803,24.20,63.20,336,Dim,0.67,-0.30,9.86,-0.08,0.02,-0.01,LOW_LIGHT
76806,24.20,63.20,339,Dim,0.66,-0.27,9.81,-0.08,0.02,-0.01,LOW_LIGHT
77816,24.20,63.90,336,Dim,0.67,-0.31,9.82,-0.08,0.02,-0.01,LOW_LIGHT
78819,24.20,63.90,336,Dim,0.67,-0.29,9.82,-0.08,0.02,-0.01,LOW_LIGHT
79828,24.20,64.60,336,Dim,0.63,-0.32,9.82,-0.08,0.02,-0.01,LOW_LIGHT
80831,24.20,64.60,340,Dim,0.66,-0.31,9.86,-0.08,0.02,-0.01,LOW_LIGHT
81840,24.20,65.90,329,Dim,0.64,-0.30,9.82,-0.08,0.02,-0.01,LOW_LIGHT
82843,24.20,65.90,351,Dim,0.65,-0.28,9.84,-0.08,0.03,-0.01,LOW_LIGHT
83852,24.30,67.50,363,Dim,0.66,-0.29,9.85,-0.08,0.02,-0.01,LOW_LIGHT
84855,24.30,67.50,363,Dim,0.67,-0.28,9.80,-0.08,0.02,-0.01,LOW_LIGHT
85865,24.30,70.00,367,Dim,0.67,-0.31,9.85,-0.08,0.02,-0.01,LOW_LIGHT
86868,24.30,70.00,354,Dim,0.67,-0.29,9.84,-0.08,0.02,-0.01,LOW_LIGHT
87878,24.30,72.20,364,Dim,0.66,-0.30,9.79,-0.08,0.02,-0.01,LOW_LIGHT
88881,24.30,72.20,368,Dim,0.68,-0.30,9.83,-0.08,0.03,-0.01,LOW_LIGHT
89890,24.20,72.50,941,Light,0.66,-0.28,9.82,-0.08,0.02,-0.01,NOMINAL
90893,24.20,72.50,1099,Light,0.68,-0.31,9.83,-0.08,0.02,-0.01,NOMINAL
91903,24.30,70.20,1105,Light,0.65,-0.30,9.84,-0.08,0.02,-0.01,NOMINAL
92906,24.30,70.20,1108,Light,0.68,-0.29,9.84,-0.08,0.02,-0.01,NOMINAL
93915,24.30,68.00,1111,Light,0.64,-0.28,9.81,-0.08,0.03,-0.01,NOMINAL
94918,24.30,68.00,1103,Light,0.65,-0.30,9.82,-0.08,0.02,-0.01,NOMINAL
95927,24.30,66.20,1104,Light,0.72,-0.33,9.85,-0.08,0.02,-0.01,NOMINAL
96930,24.30,66.20,1104,Light,0.62,-0.29,9.77,-0.08,0.02,-0.01,NOMINAL
97940,24.30,64.90,1054,Light,0.67,-0.27,9.82,-0.08,0.03,-0.01,NOMINAL
98942,24.30,64.90,1050,Light,0.65,-0.28,9.79,-0.08,0.02,-0.01,NOMINAL
99952,24.30,63.90,1052,Light,0.67,-0.27,9.83,-0.08,0.02,-0.01,NOMINAL
100955,24.30,63.90,1046,Light,0.69,-0.31,9.82,-0.08,0.02,-0.01,NOMINAL
101965,24.30,63.20,841,Light,0.64,-0.28,9.84,-0.08,0.02,-0.01,NOMINAL
102968,24.30,63.20,630,Dim,0.69,-0.33,9.82,-0.08,0.02,-0.01,LOW_LIGHT
103977,24.20,62.50,706,Dim,0.66,-0.33,9.82,-0.08,0.02,-0.01,LOW_LIGHT
104980,24.20,62.50,957,Light,0.67,-0.30,9.82,-0.08,0.02,-0.01,NOMINAL
105989,24.30,62.00,4059,Very bright,0.68,-0.27,9.82,-0.08,0.02,-0.01,NOMINAL
106992,24.30,62.00,4095,Very bright,0.66,-0.28,9.84,-0.08,0.03,-0.01,NOMINAL
108001,24.30,61.60,4095,Very bright,0.63,-0.28,9.80,-0.08,0.03,-0.01,NOMINAL
109004,24.30,61.60,3979,Very bright,0.69,-0.31,9.80,-0.09,0.02,-0.22,NOMINAL
110013,24.30,61.10,3917,Very bright,0.68,-0.31,9.81,-0.08,0.02,-0.01,NOMINAL
111016,24.30,61.10,4095,Very bright,0.65,-0.29,9.85,-0.08,0.02,-0.01,NOMINAL
112025,24.30,61.00,4095,Very bright,0.67,-0.30,9.81,-0.08,0.02,-0.01,NOMINAL
113028,24.30,61.00,4095,Very bright,0.63,-0.31,9.82,-0.08,0.03,-0.03,NOMINAL
114037,24.30,60.80,4095,Very bright,0.67,-0.29,9.79,-0.08,0.02,-0.01,NOMINAL
115040,24.30,60.80,3799,Very bright,0.66,-0.32,9.84,-0.08,0.03,-0.01,NOMINAL
116049,24.30,60.60,3777,Very bright,0.66,-0.28,9.81,-0.08,0.03,-0.01,NOMINAL
117052,24.30,60.60,4095,Very bright,0.66,-0.33,9.81,-0.08,0.02,-0.01,NOMINAL
118062,24.30,60.60,4095,Very bright,0.66,-0.31,9.83,-0.08,0.02,-0.01,NOMINAL
119064,24.30,60.60,3985,Very bright,0.66,-0.30,9.81,-0.08,0.02,-0.01,NOMINAL
120073,24.30,60.50,3947,Very bright,0.67,-0.29,9.82,-0.08,0.02,-0.01,NOMINAL
121076,24.30,60.50,4095,Very bright,0.65,-0.33,9.83,-0.08,0.02,-0.01,NOMINAL
122085,24.30,60.40,4095,Very bright,0.68,-0.29,9.84,-0.08,0.03,-0.01,NOMINAL
123088,24.30,60.40,4095,Very bright,0.67,-0.30,9.81,-0.08,0.02,-0.01,NOMINAL
124097,24.30,60.40,4095,Very bright,0.68,-0.31,9.81,-0.08,0.02,-0.01,NOMINAL
125100,24.30,60.40,3802,Very bright,0.66,-0.28,9.82,-0.08,0.02,-0.01,NOMINAL
126109,24.30,60.40,3786,Very bright,0.69,-0.32,9.81,-0.08,0.02,-0.02,NOMINAL
127112,24.30,60.40,4095,Very bright,0.68,-0.33,9.81,-0.08,0.02,-0.01,NOMINAL
128121,24.30,60.30,4095,Very bright,0.68,-0.33,9.82,-0.08,0.02,-0.01,NOMINAL
129124,24.30,60.30,4007,Very bright,0.66,-0.30,9.81,-0.08,0.02,-0.01,NOMINAL
130133,24.30,60.40,1481,Light,0.47,-0.12,9.88,-0.08,0.03,-0.10,NOMINAL
131136,24.30,60.40,1174,Light,0.64,-0.31,9.83,-0.08,0.02,-0.01,NOMINAL
132145,24.30,60.30,1147,Light,0.69,-0.35,9.86,-0.08,0.03,-0.01,NOMINAL
133148,24.30,60.30,714,Dim,0.69,-0.31,9.77,-0.08,0.03,-0.01,LOW_LIGHT
134157,24.30,60.40,787,Dim,0.71,-0.31,9.84,-0.08,0.03,-0.01,LOW_LIGHT
135160,24.30,60.40,1182,Light,0.67,-0.31,9.87,-0.08,0.02,-0.01,NOMINAL
136169,24.30,60.40,1202,Light,0.68,-0.29,9.81,-0.08,0.02,-0.01,NOMINAL
137172,24.30,60.40,1184,Light,0.63,-0.30,9.85,-0.08,0.03,-0.01,NOMINAL
138181,24.30,60.40,1183,Light,0.68,-0.26,9.83,-0.08,0.02,-0.01,NOMINAL
139184,24.30,60.40,1142,Light,0.68,-0.30,9.84,-0.08,0.02,-0.01,NOMINAL
140193,24.30,60.50,1107,Light,0.74,-0.28,9.84,-0.08,0.02,-0.01,NOMINAL
141196,24.30,60.50,1106,Light,0.63,-0.30,9.86,-0.08,0.02,-0.01,NOMINAL
142205,24.30,60.40,1098,Light,0.76,-0.28,9.81,-0.08,0.02,-0.01,NOMINAL
143208,24.30,60.40,1107,Light,0.65,-0.31,9.79,-0.08,0.02,-0.01,NOMINAL
144217,24.40,60.60,1115,Light,0.68,-0.29,9.81,-0.08,0.03,-0.01,NOMINAL
145220,24.40,60.60,1106,Light,0.68,-0.30,9.82,-0.08,0.02,-0.01,NOMINAL
146229,24.30,60.50,1127,Light,0.74,-0.28,9.79,-0.08,0.02,-0.01,NOMINAL
147232,24.30,60.50,1233,Light,0.66,-0.33,9.80,-0.08,0.02,-0.01,NOMINAL
148241,24.30,60.50,1215,Light,0.71,-0.28,9.83,-0.08,0.03,-0.01,NOMINAL
149244,24.30,60.50,1248,Light,0.57,-0.48,9.82,-0.02,0.07,0.01,NOMINAL
150254,24.30,60.60,1164,Light,-0.18,0.43,9.61,-0.04,0.12,0.02,NOMINAL
151256,24.30,60.60,1168,Light,-0.02,-0.21,10.01,-0.16,-0.00,-0.03,NOMINAL
152265,24.30,61.00,1157,Light,-0.11,-0.28,9.86,-0.07,0.06,0.01,NOMINAL
153268,24.30,61.00,1157,Light,0.06,-0.24,9.94,-0.11,0.00,-0.02,NOMINAL
154277,24.30,61.00,1139,Light,-0.22,0.51,10.50,0.29,0.22,-0.12,NOMINAL
155280,24.30,61.00,1008,Light,-0.62,-0.27,9.88,-0.32,0.02,-0.05,NOMINAL
156289,24.30,61.00,939,Light,0.01,0.26,9.77,-0.10,0.02,-0.03,NOMINAL
157292,24.30,61.00,969,Light,0.01,0.18,9.48,-0.08,0.17,-0.09,NOMINAL
158301,24.40,60.60,999,Light,-0.36,-0.11,9.67,-0.05,-0.09,0.02,NOMINAL
159304,24.40,60.60,1057,Light,0.29,-0.61,9.86,0.05,-0.07,0.23,NOMINAL
160313,24.30,60.80,1249,Light,-0.74,1.14,10.68,0.00,-0.23,0.13,NOMINAL
161316,24.30,60.80,1107,Light,1.41,0.66,9.93,-0.19,-0.16,-0.12,NOMINAL
162325,24.30,61.00,1058,Light,1.34,0.35,9.74,-0.24,0.44,0.11,NOMINAL
163328,24.30,61.00,1056,Light,1.87,0.15,9.58,-0.09,0.04,-0.04,NOMINAL
164337,24.30,60.90,1693,Light,-6.65,-0.13,6.79,-0.34,2.13,0.04,NOMINAL
165340,24.30,60.90,1902,Light,-8.09,-0.50,4.76,-0.08,0.01,-0.01,NOMINAL
166350,24.30,60.70,1898,Light,-8.43,-0.53,5.25,-0.19,-0.09,-0.01,NOMINAL
167353,24.30,60.70,1904,Light,-7.97,-0.43,4.76,-0.08,-0.04,-0.03,NOMINAL
168362,24.40,60.80,1156,Light,1.44,0.27,9.94,-0.13,0.08,0.06,NOMINAL
169365,24.40,60.80,1173,Light,0.77,-0.02,9.58,-0.09,0.16,-0.07,NOMINAL
170375,24.40,60.70,771,Dim,8.65,0.41,5.96,0.30,-0.41,0.01,LOW_LIGHT
171377,24.40,60.70,682,Dim,8.95,0.33,4.50,-0.07,-0.05,0.00,LOW_LIGHT
172387,24.30,60.60,682,Dim,8.85,0.22,4.99,-0.13,0.31,-0.05,LOW_LIGHT
173389,24.30,60.60,1136,Light,0.89,0.53,9.52,0.04,0.10,-0.02,NOMINAL
174399,24.30,60.70,1232,Light,1.25,0.22,10.02,-0.17,-0.04,-0.03,NOMINAL
175402,24.30,60.70,2001,Bright,-8.64,0.82,3.52,-0.21,0.23,-0.07,NOMINAL
176412,24.30,60.70,2054,Bright,-8.51,0.74,4.07,-0.01,-0.06,-0.00,NOMINAL
177415,24.30,60.70,1955,Light,-7.95,0.47,5.83,-0.06,-1.01,-0.09,NOMINAL
178425,24.30,60.70,1255,Light,-0.52,-0.05,9.73,-0.11,0.13,-0.03,NOMINAL
179428,24.30,60.70,1395,Light,1.73,-0.36,9.73,-0.30,-0.14,0.98,NOMINAL
180438,24.30,60.70,1371,Light,0.60,-0.93,9.93,-0.15,0.02,-0.02,NOMINAL
181441,24.30,60.70,1169,Light,1.07,0.11,9.27,-0.12,-0.04,-1.09,NOMINAL
182450,24.30,60.80,1155,Light,1.73,-0.00,9.75,0.17,0.20,0.74,NOMINAL
183453,24.30,60.80,1364,Light,-0.76,0.03,10.58,-0.32,-0.06,0.30,NOMINAL
184462,24.30,60.70,1189,Light,-0.19,-0.56,10.19,-0.00,0.38,-0.03,NOMINAL
185466,24.30,60.70,1069,Light,0.80,2.78,9.51,0.06,-0.09,-0.20,NOMINAL
186475,24.30,60.80,1139,Light,1.65,0.96,8.41,-0.18,0.29,0.28,NOMINAL
187478,24.30,60.80,1219,Light,0.06,-0.87,9.97,-0.01,0.06,-0.04,NOMINAL
188487,24.30,60.70,999,Light,0.94,3.64,10.18,0.52,0.28,-0.31,NOMINAL
189490,24.30,60.70,951,Light,2.75,9.64,10.00,-0.92,0.43,0.21,NOMINAL
190500,24.30,60.70,1010,Light,3.01,7.80,11.76,-0.70,-0.24,0.31,NOMINAL
191502,24.30,60.70,1294,Light,0.76,1.26,8.95,0.27,-0.02,0.20,NOMINAL
192511,24.30,60.70,1339,Light,0.94,0.12,11.30,-0.50,-0.76,0.11,NOMINAL
193514,24.30,60.70,1467,Light,0.11,-0.51,9.77,-0.11,-0.03,-0.22,NOMINAL
194523,24.30,60.80,1452,Light,0.51,-0.27,9.86,-0.08,0.02,-0.01,NOMINAL
195526,24.30,60.80,1470,Light,0.47,-0.26,9.84,-0.08,0.02,-0.01,NOMINAL
196535,24.20,60.80,1462,Light,0.49,-0.28,9.80,-0.08,0.02,-0.01,NOMINAL
197538,24.20,60.80,1476,Light,0.50,-0.23,9.81,-0.08,0.02,-0.01,NOMINAL
198548,24.30,60.70,1479,Light,0.50,-0.27,9.83,-0.08,0.02,-0.01,NOMINAL
199551,24.30,60.70,1486,Light,0.47,-0.29,9.84,-0.08,0.02,-0.01,NOMINAL
200560,24.30,60.70,1482,Light,0.49,-0.27,9.81,-0.08,0.02,-0.01,NOMINAL
201563,24.30,60.70,1485,Light,0.48,-0.29,9.85,-0.08,0.02,-0.01,NOMINAL
202573,24.30,60.70,1490,Light,0.50,-0.29,9.84,-0.08,0.02,-0.01,NOMINAL
203575,24.30,60.70,1467,Light,0.46,-0.30,9.84,-0.08,0.03,-0.01,NOMINAL
204584,24.30,61.00,1452,Light,0.51,-0.25,9.84,-0.08,0.03,-0.01,NOMINAL
205587,24.30,61.00,1450,Light,0.50,-0.26,9.83,-0.08,0.02,-0.01,NOMINAL
206597,24.40,73.30,1456,Light,0.47,-0.28,9.82,-0.08,0.03,-0.01,NOMINAL
207600,24.40,73.30,1456,Light,0.49,-0.27,9.81,-0.08,0.02,-0.01,NOMINAL
208609,24.40,80.90,1472,Light,0.50,-0.26,9.84,-0.08,0.02,-0.01,NOMINAL
209612,24.40,80.90,1466,Light,0.49,-0.28,9.81,-0.08,0.03,-0.01,NOMINAL
210621,24.40,86.00,1477,Light,0.50,-0.27,9.84,-0.08,0.02,-0.01,NOMINAL
211624,24.40,86.00,1479,Light,0.49,-0.28,9.84,-0.08,0.03,-0.01,NOMINAL
212634,24.40,89.50,1501,Light,0.49,-0.26,9.79,-0.08,0.02,-0.01,NOMINAL
213637,24.40,89.50,1493,Light,0.50,-0.27,9.84,-0.08,0.02,-0.01,NOMINAL
214646,24.40,91.10,1499,Light,0.48,-0.25,9.83,-0.08,0.02,-0.01,NOMINAL
215649,24.40,91.10,1499,Light,0.49,-0.28,9.86,-0.08,0.02,-0.01,NOMINAL
216658,24.40,89.90,1513,Light,0.52,-0.25,9.83,-0.08,0.02,-0.01,NOMINAL
217661,24.40,89.90,1555,Light,0.56,-0.23,9.70,-0.09,0.01,-0.01,NOMINAL
218670,24.40,87.70,1565,Light,0.49,-0.26,9.77,-0.08,0.03,-0.01,NOMINAL
219673,24.40,87.70,1531,Light,0.48,-0.28,9.81,-0.08,0.02,-0.01,NOMINAL
220682,24.40,85.00,1535,Light,0.51,-0.29,9.84,-0.08,0.02,-0.01,NOMINAL
221685,24.40,85.00,1166,Light,-0.79,-0.03,10.22,0.02,0.08,-0.24,NOMINAL
222694,24.40,81.00,1475,Light,-1.75,0.13,8.87,-0.27,0.11,1.00,NOMINAL
223697,24.40,81.00,1376,Light,-1.53,0.63,9.94,-0.26,0.10,-0.89,NOMINAL
224707,24.30,74.20,1423,Light,-0.92,1.10,10.01,-0.23,0.08,-0.05,NOMINAL
225710,24.30,74.20,1377,Light,-1.57,0.06,9.73,-0.12,0.09,0.04,NOMINAL
226719,24.20,69.60,1371,Light,-1.21,0.01,9.42,-0.10,0.02,-0.01,NOMINAL
227722,24.20,69.60,1392,Light,-1.20,0.20,9.65,-0.09,0.03,0.01,NOMINAL
228731,24.10,66.90,1397,Light,-1.42,0.10,9.62,-0.06,0.08,0.02,NOMINAL
229734,24.10,66.90,1392,Light,-1.25,-0.12,9.70,-0.09,-0.03,-0.03,NOMINAL
230743,24.00,65.10,1392,Light,-1.25,0.03,9.67,-0.03,0.04,-0.04,NOMINAL
231746,24.00,65.10,1392,Light,-1.44,0.06,9.70,-0.07,0.02,-0.01,NOMINAL
232756,23.90,63.80,1406,Light,-1.25,-0.08,9.72,-0.07,0.04,0.01,NOMINAL
233759,23.90,63.80,1402,Light,-1.51,-0.09,9.61,-0.06,0.02,-0.03,NOMINAL
234769,23.80,62.90,1427,Light,-0.88,0.39,9.65,-0.14,0.02,0.31,NOMINAL
235771,23.80,62.90,1409,Light,-0.33,-0.23,10.60,-0.71,-0.35,0.29,NOMINAL
236780,23.80,62.40,1441,Light,0.40,-0.15,9.87,-0.08,0.03,-0.01,NOMINAL
237783,23.80,62.40,1427,Light,0.38,-0.13,9.83,-0.09,0.02,-0.01,NOMINAL
238792,23.80,62.40,1445,Light,0.38,-0.17,9.81,-0.08,0.03,-0.01,NOMINAL
239795,23.80,62.40,1403,Light,0.44,-0.17,9.83,-0.08,0.03,-0.01,NOMINAL
240805,23.90,61.90,1408,Light,0.41,-0.16,9.86,-0.08,0.02,-0.01,NOMINAL
241808,23.90,61.90,1449,Light,0.39,-0.16,9.82,-0.08,0.02,-0.01,NOMINAL
242818,23.80,61.90,1466,Light,0.40,-0.15,9.82,-0.08,0.02,-0.01,NOMINAL
243821,23.80,61.90,1473,Light,0.42,-0.16,9.80,-0.08,0.02,-0.01,NOMINAL
244831,23.80,61.90,1478,Light,0.41,-0.18,9.83,-0.08,0.03,-0.01,NOMINAL
245834,23.80,61.90,1470,Light,0.39,-0.19,9.81,-0.08,0.03,-0.01,NOMINAL
246843,23.80,61.70,1475,Light,0.40,-0.17,9.84,-0.08,0.03,-0.01,NOMINAL
247846,23.80,61.70,1482,Light,0.40,-0.18,9.83,-0.08,0.03,-0.01,NOMINAL
248855,23.80,61.70,1471,Light,0.41,-0.14,9.82,-0.08,0.02,-0.01,NOMINAL
249858,23.80,61.70,1486,Light,0.42,-0.20,9.82,-0.08,0.02,-0.01,NOMINAL
250867,23.80,61.70,1452,Light,0.41,-0.14,9.88,-0.08,0.03,-0.01,NOMINAL
251870,23.80,61.70,1473,Light,0.39,-0.15,9.84,-0.08,0.03,-0.01,NOMINAL
252880,23.80,61.50,1487,Light,0.43,-0.16,9.80,-0.08,0.02,-0.01,NOMINAL
253883,23.80,61.50,1483,Light,0.41,-0.14,9.81,-0.08,0.02,-0.01,NOMINAL
